Rank,Name,Neighborhood,Price,Price Level,Address,Website
1,Monteverde,West Loop,보통,3,1020 W. Madison St.,monteverdechicago.com
2,Oriole,West Loop,매우 비쌈,5,661 W. Walnut St.,www.oriolechicago.com
3,Galit,Lincoln Park,비쌈,4,2429 N. Lincoln Ave.,www.galitrestaurant.com
4,Avec,West Loop | River North,보통,3,615 W. Randolph St. | 141 W. Erie St.,www.avecrestaurant.com
5,Kasama,East Ukrainian Village,매우 비쌈,5,1001 N. Winchester Ave.,www.kasamachicago.com
6,Virtue,Hyde Park,보통,3,1462 E. 53rd St.,www.virtuerestaurant.com
7,HaiSous Vietnamese Kitchen,Pilsen,보통,3,1800 S. Carpenter St.,www.haisous.com
8,Shaw’s Crab House,River North,보통,3,21 E. Hubbard St.,www.shawscrabhouse.com/chicago-illinois
9,Dear Margaret,Lake View,보통,3,2965 N. Lincoln Ave,www.dearmargaretchi.com
10,0Boka,Lincoln Park,매우 비쌈,5,1729 N. Halsted St.,www.bokachicago.com
11,1Kyoten/Kyoten Next Door,Logan Square,매우 비쌈,5,"Kyoten, 2507 W. Armitage Ave.; Kyoten Next Door, 2513 W. Armitage Ave.",kyotenchicago.com
12,2Hermosa Restaurant,Hermosa,보통,3,4356 W. Armitage Ave.,www.hermosarestaurant.com
13,3Warlord,Avondale,비쌈,4,3198 N. Milwaukee Ave.,warlordchicago.com
14,4Elske,West Loop,비쌈,4,1350 W. Randolph St.,elskerestaurant.com
15,5John’s Food & Wine,Lincoln Park,보통,3,2114 N. Halsted St.,www.johnsfoodandwine.com
16,6El Che Steakhouse & Bar,West Loop,비쌈,4,845 W. Washington Blvd.,www.elchechicago.com
17,7Ever,West Loop,매우 비쌈,5,1340 W. Fulton St.,www.ever-restaurant.com
18,8Obélix,River North,비쌈,4,700 N. Sedgwick St.,www.obelixchicago.com
19,9Sepia,West Loop,보통,3,123 N. Jefferson St.,www.sepiachicago.com
20,0Lula Cafe,Logan Square,보통,3,2537 N. Kedzie Blvd.,www.lulacafe.com
21,1Bungalow by Middle Brow,Logan Square,저렴,2,2840 W. Armitage Ave.,www.middlebrowbeer.com
22,2Atelier,Lincoln Square,매우 비쌈,5,4835 N. Western Ave.,www.atelier-chicago.com
23,3La Chaparrita Grocery,Little Village,매우 저렴,1,2500 S. Whipple St.,www.facebook.com/LaChaparritaGrocery.1
24,4Perilla,West Town,비쌈,4,401 N. Milwaukee Ave.,perillachicago.com
25,5Superkhana International,Logan Square,보통,3,3059 W. Diversey Ave.,www.superkhanachicago.com
26,6Birrieria Zaragoza,Archer Heights | Uptown,매우 저렴,1,4852 S. Pulaski Rd. | 4800 N. Broadway,www.birrieriazaragoza.com
27,7Lem’s Bar-B-Q,Chatham,매우 저렴,1,311 E. 75th St.,lemsque.com
28,8Indienne,River North,매우 비쌈,5,217 W. Huron St.,www.indiennechicago.com
29,9Demera,Uptown,저렴,2,4801 N. Broadway,www.demerachicago.com
30,0The Loyalist,West Loop,보통,3,177 N. Ada St,www.smythandtheloyalist.com
31,1JT’s Genuine Sandwich Shop,Irving Park,매우 저렴,1,3970 N. Elston Ave.,jtsgenuine.com
32,2The Duck Inn,Bridgeport,보통,3,2701 S. Eleanor St.,theduckinnchicago.com
33,3Mitsuwa Marketplace Food Court,Arlington Heights,매우 저렴,1,100 E. Algonquin Rd.,mitsuwa.com/ch
34,4Lilac Tiger,Wicker Park,저렴,2,1742 W. Division St.,lilactigerchi.com
35,5Bavette’s Bar & Boeuf,River North,매우 비쌈,5,218 W. Kinzie St.,bavettessteakhouse.com
36,6Ocean Grill and Bar,East Pilsen,보통,3,1826 S. Canal St.,oceangrillbarchicago.com
37,7Daisies,Logan Square,보통,3,2375 N. Milwaukee Ave.,www.daisieschicago.com
38,8Roux,Hyde Park,저렴,2,1055 E. 55th St.,rouxdiner.com
39,9S.K.Y.,Pilsen,보통,3,1239 W. 18th St.,www.skyrestaurantchicago.com
40,0Schwa,Wicker Park,매우 비쌈,5,1466 N. Ashland Ave.,schwarestaurant.com
41,1Boeufhaus,Humboldt Park,비쌈,4,1012 N. Western Ave.,www.boeufhaus.com
42,2New Village Gastro Pub,Northbrook,저렴,2,3566 Milwaukee Ave.,www.newvillagepub.com
43,3Bayan Ko,Ravenswood,보통,3,1810 W. Montrose Ave.,bayankochicago.com
44,4Noon-O-Kabab,Albany Park | Highwood,저렴,2,4701 N. Kedzie Ave. | 242 Green Bay Rd.,www.noonokabab.com
45,5Spacca Napoli,Ravenswood,저렴,2,1769 W. Sunnyside Ave.,www.spaccanapolipizzeria.com
46,6Shanghai Terrace,River North,매우 비쌈,5,108 E. Superior St.,www.peninsula.com/en/chicago/hotel-fine-dining/shanghai-terrace-cantonese
47,7Daisy’s Po-Boy and Tavern,Hyde Park,저렴,2,5215 S. Harper Ave.,www.daisyspoboychicago.com
48,8Dolo Restaurant and Bar,Chinatown,저렴,2,2222 S. Archer Ave.,www.dolorestaurant.com
49,9Redhot Ranch,Lake View | Logan Square | Bridgeport,매우 저렴,1,3057 N. Ashland Ave. | 2449 W. Armitage Ave. | 500 W. 35th St.,www.redhotranchchicago.com
50,0Immm Rice & Beyond,Uptown,매우 저렴,1,4949 N. Broadway,immmchicago.com
